post_url,author,post_title,comments,upvotes,subreddit_name,subreddit_link,search_terms
https://www.reddit.com/r/learnprogramming/comments/172zsmo/web_scraper_only_prints_one_result/,https://www.reddit.com/user/psychedlik/,Web Scraper only prints one result,1,1,r/learnprogramming,https://www.reddit.com/r/learnprogramming/,"['selenium', 'beautifulsoup']"
https://www.reddit.com/r/SaaS/comments/172i8zs/building_my_first_saas_a_platform_for_convention/,https://www.reddit.com/user/wheelyboi2000/,Building my first SaaS: A Platform for Convention Vendors to be more efficient. Thoughts?,0,1,r/SaaS,https://www.reddit.com/r/SaaS/,"['selenium', 'beautifulsoup']"
https://www.reddit.com/r/slavelabour/comments/16yw6wm/offershopify_theme_development_and_web_scraping/,https://www.reddit.com/user/Trobis/,[OFFER]Shopify Theme Development and web scraping and python scripting.,3,1,r/slavelabour,https://www.reddit.com/r/slavelabour/,"['selenium', 'beautifulsoup']"
https://www.reddit.com/r/webscraping/comments/16we8mq/ideas_on_gathering_team_urls_from_unique_webpages/,https://www.reddit.com/user/fenechio/,Ideas on Gathering Team URLs from Unique Webpages,4,1,r/webscraping,https://www.reddit.com/r/webscraping/,"['selenium', 'beautifulsoup']"
https://www.reddit.com/r/Heroku/comments/16uuama/trying_to_deploy_selenium_helium_python_script_on/,https://www.reddit.com/user/elpad92/,Trying to deploy selenium Helium python script on Heroku,1,1,r/Heroku,https://www.reddit.com/r/Heroku/,"['selenium', 'beautifulsoup']"
https://www.reddit.com/user/mobileapp13/comments/16thtp0/unveiling_the_symphony_of_data_music_mobile_app/,https://www.reddit.com/user/mobileapp13/,Unveiling the Symphony of Data: Music Mobile App Data Scraping for Insights,0,1,u/mobileapp13,https://www.reddit.com/user/mobileapp13/,"['selenium', 'beautifulsoup']"
https://www.reddit.com/r/resumes/comments/16rvb33/its_been_3_months_only_1_interview_what_am_i/,https://www.reddit.com/user/tegridypatato/,It's been 3 months only 1 interview. What am I doing wrong.,8,2,r/resumes,https://www.reddit.com/r/resumes/,"['selenium', 'beautifulsoup']"
https://www.reddit.com/r/programminghelp/comments/16r7ouj/help_with_getting_around_cloudfare/,https://www.reddit.com/user/darkswirlz/,Help with getting around cloudfare,1,0,r/programminghelp,https://www.reddit.com/r/programminghelp/,"['selenium', 'beautifulsoup']"
https://www.reddit.com/r/resumes/comments/16r0e2x/cs_major_junior_looking_for_summer_internships/,https://www.reddit.com/user/paneer_naan/,CS Major Junior looking for Summer Internships,1,3,r/resumes,https://www.reddit.com/r/resumes/,"['selenium', 'beautifulsoup']"
https://www.reddit.com/r/slavelabour/comments/16qdv3q/offeri_will_help_scrape_websites_for_data_and/,https://www.reddit.com/user/Trobis/,[OFFER]I will help scrape websites for data and python scripting.,2,1,r/slavelabour,https://www.reddit.com/r/slavelabour/,"['selenium', 'beautifulsoup']"
https://www.reddit.com/user/Elegant_Medicine4394/comments/16p91ip/scraping_grocery_data_from_mobile_apps_using/,https://www.reddit.com/user/Elegant_Medicine4394/,Scraping Grocery Data from Mobile Apps Using Python: A Comprehensive Guide,0,1,u/Elegant_Medicine4394,https://www.reddit.com/user/Elegant_Medicine4394/,"['selenium', 'beautifulsoup']"
https://www.reddit.com/r/learnpython/comments/16ouqve/web_scrapping_using_python/,https://www.reddit.com/user/No-Assist-8110/,Web scrapping using python,0,1,r/learnpython,https://www.reddit.com/r/learnpython/,"['selenium', 'beautifulsoup']"
https://www.reddit.com/r/webscraping/comments/16offqp/setting_seleniumbase_driver_options/,https://www.reddit.com/user/Content-Apple-833/,Setting SeleniumBase Driver options,5,1,r/webscraping,https://www.reddit.com/r/webscraping/,"['selenium', 'beautifulsoup']"
https://www.reddit.com/r/resumes/comments/16nrlyj/phd_biochemistbioinformatics_looking_to_break/,https://www.reddit.com/user/data_is_my_fetish/,PhD Biochemist(bioinformatics) looking to break into Data Science - resume advice,4,1,r/resumes,https://www.reddit.com/r/resumes/,"['selenium', 'beautifulsoup']"
https://www.reddit.com/user/ForceAccomplished257/comments/16netnf/how_to_scrape_data_from_food_delivery_app_burger/,https://www.reddit.com/user/ForceAccomplished257/,How to Scrape Data from Food Delivery App Burger King â€“ Spain?,0,1,u/ForceAccomplished257,https://www.reddit.com/user/ForceAccomplished257/,"['selenium', 'beautifulsoup']"
https://www.reddit.com/r/slavelabour/comments/16mu3tf/offeri_will_help_scrape_websites_for_data_and/,https://www.reddit.com/user/Trobis/,[OFFER]I will help scrape websites for data and python scripting.,3,1,r/slavelabour,https://www.reddit.com/r/slavelabour/,"['selenium', 'beautifulsoup']"
https://www.reddit.com/r/developersIndia/comments/16j6bko/help_needed_for_web_scraping/,https://www.reddit.com/user/G_S_7_wiz/,Help needed for Web Scraping,2,1,r/developersIndia,https://www.reddit.com/r/developersIndia/,"['selenium', 'beautifulsoup']"
https://www.reddit.com/r/Python/comments/16j68qx/web_scraping/,https://www.reddit.com/user/G_S_7_wiz/,Web Scraping,39,35,r/Python,https://www.reddit.com/r/Python/,"['selenium', 'beautifulsoup']"
https://www.reddit.com/r/learnpython/comments/16imc97/trying_to_click_a_button_with_selenium_but_really/,https://www.reddit.com/user/Faultylntelligence/,Trying to click a button with Selenium but really struggling,7,1,r/learnpython,https://www.reddit.com/r/learnpython/,"['selenium', 'beautifulsoup']"
https://www.reddit.com/r/SeleniumPython/comments/16arsmc/basic_question_about_selenium_python_and/,https://www.reddit.com/user/TileJam209/,"Basic Question about Selenium, Python, and Webscraping",1,2,r/SeleniumPython,https://www.reddit.com/r/SeleniumPython/,"['selenium', 'beautifulsoup']"
https://www.reddit.com/r/learnpython/comments/167l424/cant_get_my_webscraping_code_to_work/,https://www.reddit.com/user/Best_Case7758/,Can't get my webscraping code to work,7,1,r/learnpython,https://www.reddit.com/r/learnpython/,"['selenium', 'beautifulsoup']"
https://www.reddit.com/r/learnpython/comments/166mvdg/web_scraping/,https://www.reddit.com/user/TorroesPrime/,web scraping,3,5,r/learnpython,https://www.reddit.com/r/learnpython/,"['selenium', 'beautifulsoup']"
https://www.reddit.com/r/webscraping/comments/1663qu9/struggling_the_chrome_extension_for_webscrapin/,https://www.reddit.com/user/whygamoralad/,Struggling the chrome extension for webscrapin,0,1,r/webscraping,https://www.reddit.com/r/webscraping/,"['selenium', 'beautifulsoup']"
https://www.reddit.com/user/productdatascrape/comments/163dhv4/how_to_scrape_amazon_best_seller_lists_with/,https://www.reddit.com/user/productdatascrape/,How to Scrape Amazon Best Seller Lists with Python and BeautifulSoup?,0,1,u/productdatascrape,https://www.reddit.com/user/productdatascrape/,"['selenium', 'beautifulsoup']"
https://www.reddit.com/r/learnprogramming/comments/15z302z/i_have_been_learning_c_in_an_institution_and/,https://www.reddit.com/user/magnumXZ/,I have been learning C in an institution and Python by myself for a while. Where should I focus now to get into back end and/or web scraping?,1,2,r/learnprogramming,https://www.reddit.com/r/learnprogramming/,"['selenium', 'beautifulsoup']"
https://www.reddit.com/r/learnpython/comments/15yzkw7/can_you_help_me_with_this_selenium_web_scrape/,https://www.reddit.com/user/learnwithscholar/,Can you help me with this Selenium web scrape problem in Python?,1,1,r/learnpython,https://www.reddit.com/r/learnpython/,"['selenium', 'beautifulsoup']"
https://www.reddit.com/r/resumes/comments/15txxl8/trying_to_get_a_job_in_eu_from_africa/,https://www.reddit.com/user/Electronic_Plant9697/,Trying to get a job in EU from Africa,1,1,r/resumes,https://www.reddit.com/r/resumes/,"['selenium', 'beautifulsoup']"
https://www.reddit.com/r/learnpython/comments/15sgvgs/how_to_remove_do_you_mean_from_google/,https://www.reddit.com/user/Designer-Ad-3462/,"How to remove ""Do you mean"" from google",12,0,r/learnpython,https://www.reddit.com/r/learnpython/,"['selenium', 'beautifulsoup']"
https://www.reddit.com/r/learnpython/comments/15ml5xy/can_selenium_webdriver_program_work_without_the/,https://www.reddit.com/user/RuthlessDaoist/,Can selenium webdriver program work without the browser installed?,13,2,r/learnpython,https://www.reddit.com/r/learnpython/,"['selenium', 'beautifulsoup']"
https://www.reddit.com/r/webscraping/comments/15mjn6g/get_the_whole_html_rendered_on_the_site_by/,https://www.reddit.com/user/harerp/,Get the whole html rendered on the site by client-side javascript,0,1,r/webscraping,https://www.reddit.com/r/webscraping/,"['selenium', 'beautifulsoup']"
https://www.reddit.com/r/resumes/comments/15l3cu3/looking_to_switch_jobs_as_my_current_one_is/,https://www.reddit.com/user/tim39971/,Looking to switch jobs as my current one is giving the support I need to further my career. Can't seem to get much response from my resumes I've sent out. Any tips/feedback appreciated!,2,1,r/resumes,https://www.reddit.com/r/resumes/,"['selenium', 'beautifulsoup']"
https://www.reddit.com/r/webscraping/comments/15jhqyq/selenium_vs_beautiful_soup/,https://www.reddit.com/user/yevo_/,Selenium vs beautiful soup,9,1,r/webscraping,https://www.reddit.com/r/webscraping/,"['selenium', 'beautifulsoup']"
https://www.reddit.com/r/webscraping/comments/15h5by4/beautifulsoup_vs_selenium/,https://www.reddit.com/user/shabbyporpoise/,BeautifulSoup vs Selenium,26,4,r/webscraping,https://www.reddit.com/r/webscraping/,"['selenium', 'beautifulsoup']"
https://www.reddit.com/r/webscraping/comments/15f3w34/question_while_scraping_a_table/,https://www.reddit.com/user/Quiet-Orange6476/,Question while scraping a table,6,3,r/webscraping,https://www.reddit.com/r/webscraping/,"['selenium', 'beautifulsoup']"
https://www.reddit.com/r/slavelabour/comments/15dnqla/offershopify_theme_development_and_web_scraping/,https://www.reddit.com/user/Trobis/,[OFFER]Shopify Theme Development and web scraping and python scripting.,2,2,r/slavelabour,https://www.reddit.com/r/slavelabour/,"['selenium', 'beautifulsoup']"
https://www.reddit.com/r/slavelabour/comments/15a1b19/offershopify_theme_development_and_web_scraping/,https://www.reddit.com/user/Trobis/,[OFFER]Shopify Theme Development and web scraping and python scripting.,1,1,r/slavelabour,https://www.reddit.com/r/slavelabour/,"['selenium', 'beautifulsoup']"
https://www.reddit.com/r/webscraping/comments/1581te9/scraping_google_seems_trickier_than_most_sites/,https://www.reddit.com/user/SuckMyHiney/,"Scraping Google seems trickier than most sites. Can it be done, and is it worth considering using Fiverr?",13,3,r/webscraping,https://www.reddit.com/r/webscraping/,"['selenium', 'beautifulsoup']"
https://www.reddit.com/r/resumes/comments/157lgnp/even_rejected_by_an_unpaid_internship/,https://www.reddit.com/user/Uranki098/,Even rejected by an unpaid internship,51,82,r/resumes,https://www.reddit.com/r/resumes/,"['selenium', 'beautifulsoup']"
https://www.reddit.com/user/Alice06wilson/comments/154i116/the_top_free_web_scraping_tools_for_effective/,https://www.reddit.com/user/Alice06wilson/,The Top Free Web Scraping Tools for Effective Data Extraction,0,1,u/Alice06wilson,https://www.reddit.com/user/Alice06wilson/,"['selenium', 'beautifulsoup']"
https://www.reddit.com/user/actowiz/comments/153rru0/scrape_popular_retailer_data_scrape_data_from_any/,https://www.reddit.com/user/actowiz/,Scrape Popular Retailer data - Scrape Data From Any Ecommerce Website,0,1,u/actowiz,https://www.reddit.com/user/actowiz/,"['selenium', 'beautifulsoup']"
https://www.reddit.com/r/learnpython/comments/152zvis/ho_do_i_rank_instagram_reels_from_most_to_last/,https://www.reddit.com/user/RPI_Design/,Ho do I rank Instagram Reels from most to last viewed?,5,0,r/learnpython,https://www.reddit.com/r/learnpython/,"['selenium', 'beautifulsoup']"
https://www.reddit.com/r/slavelabour/comments/152d5rf/offershopify_theme_development_and_web_scraping/,https://www.reddit.com/user/Trobis/,[OFFER]Shopify Theme Development and web scraping and python scripting.,1,1,r/slavelabour,https://www.reddit.com/r/slavelabour/,"['selenium', 'beautifulsoup']"
https://www.reddit.com/r/ProgramadoresBrasil/comments/1528q8i/poderiam_me_ajudar_em_um_scrapy/,https://www.reddit.com/user/Disastrous_Age_390/,poderiam me ajudar em um Scrapy ?,0,2,r/ProgramadoresBrasil,https://www.reddit.com/r/ProgramadoresBrasil/,"['selenium', 'beautifulsoup']"
https://www.reddit.com/r/LocalLLaMA/comments/151sm9m/any_wip_or_available_projects_for_web_plugins_for/,https://www.reddit.com/user/card_chase/,Any WIP or available projects for web plugins for models like WizardCoder? (I searched),3,2,r/LocalLLaMA,https://www.reddit.com/r/LocalLLaMA/,"['selenium', 'beautifulsoup']"
https://www.reddit.com/r/webscraping/comments/150doiw/learning_web_scraping/,https://www.reddit.com/user/Fit-Salad-5977/,Learning Web scraping,17,10,r/webscraping,https://www.reddit.com/r/webscraping/,"['selenium', 'beautifulsoup']"
https://www.reddit.com/r/webscraping/comments/14ztaja/avoid_bot_detection/,https://www.reddit.com/user/Teemo20102001/,Avoid bot detection,7,2,r/webscraping,https://www.reddit.com/r/webscraping/,"['selenium', 'beautifulsoup']"
https://www.reddit.com/r/learnprogramming/comments/14zhfj4/selenium_and_beautifulsoup/,https://www.reddit.com/user/juicylemonpeels/,Selenium and BeautifulSoup?,3,1,r/learnprogramming,https://www.reddit.com/r/learnprogramming/,"['selenium', 'beautifulsoup']"
https://www.reddit.com/r/resumes/comments/14x9t5y/please_any_feedback_will_be_appreciated_500/,https://www.reddit.com/user/EthicalArtisan/,Please any feedback will be appreciated. 500+ applications sent I have not gotten a single interview for a junior data analyst position.,1,1,r/resumes,https://www.reddit.com/r/resumes/,"['selenium', 'beautifulsoup']"
https://www.reddit.com/r/slavelabour/comments/14w2y7w/offershopify_theme_development_and_web_scraping/,https://www.reddit.com/user/Trobis/,[OFFER]Shopify Theme Development and web scraping and python scripting.,1,1,r/slavelabour,https://www.reddit.com/r/slavelabour/,"['selenium', 'beautifulsoup']"
https://www.reddit.com/r/resumes/comments/14uuyjc/created_my_resume_and_applied_for_some/,https://www.reddit.com/user/fazeelayaz/,"Created my resume and applied for some internships but a lot of rejections. I'm losing confidence in my resume, can someone please help me out?",10,1,r/resumes,https://www.reddit.com/r/resumes/,"['selenium', 'beautifulsoup']"
https://www.reddit.com/r/slavelabour/comments/14rj1ym/offershopify_theme_development_and_web_scraping/,https://www.reddit.com/user/Trobis/,[OFFER]Shopify Theme Development and web scraping and python scripting.,4,4,r/slavelabour,https://www.reddit.com/r/slavelabour/,"['selenium', 'beautifulsoup']"
https://www.reddit.com/user/HungryLawfulness6781/comments/14qji3l/a_little_help_here_can_someone_check_and_provide/,https://www.reddit.com/user/HungryLawfulness6781/,"A little help here, can someone check and provide feedback for any flaws that you might notice I have currently applied to over 50 jobs for process automation or software development positions most of them having an accompanied cover letter, but aren't getting any responses except from scammers .",0,1,u/HungryLawfulness6781,https://www.reddit.com/user/HungryLawfulness6781/,"['selenium', 'beautifulsoup']"
https://www.reddit.com/r/webscraping/comments/14ldo3c/scraping_fotocasa_with_selenium_and_playwright/,https://www.reddit.com/user/dooolittle/,Scraping Fotocasa with Selenium and Playwright - can you help to debug?,1,1,r/webscraping,https://www.reddit.com/r/webscraping/,"['selenium', 'beautifulsoup']"
https://www.reddit.com/r/webscraping/comments/14jptlz/best_way_to_scrape_js_files/,https://www.reddit.com/user/themasterofbation/,Best way to scrape JS files?,3,1,r/webscraping,https://www.reddit.com/r/webscraping/,"['selenium', 'beautifulsoup']"
https://www.reddit.com/r/pythonmodules/comments/14iu1oh/help_me_make_a_list_of_widely_used_python_3/,https://www.reddit.com/user/jer_re_code/,Help me make a list of widely used python 3 modules. ðŸ“ƒðŸ˜‰,0,1,r/pythonmodules,https://www.reddit.com/r/pythonmodules/,"['selenium', 'beautifulsoup']"
https://www.reddit.com/r/webscraping/comments/14iq01w/i_am_trying_to_scrape_this_website_however_i_keep/,https://www.reddit.com/user/iiztrollin/,"I am trying to scrape this website, however I keep running into the same error were the script only pastes the parcelID into my google sheets columns.",2,2,r/webscraping,https://www.reddit.com/r/webscraping/,"['selenium', 'beautifulsoup']"
https://www.reddit.com/r/ChatGPT/comments/14ghz9w/automate_formfilling_with_ai/,https://www.reddit.com/user/Zaki_1052_/,Automate Form-Filling with AI,4,2,r/ChatGPT,https://www.reddit.com/r/ChatGPT/,"['selenium', 'beautifulsoup']"
https://www.reddit.com/r/slavelabour/comments/14dafks/offershopify_theme_development_and_web_scraping/,https://www.reddit.com/user/Trobis/,[OFFER]Shopify Theme Development and web scraping and python scripting.,1,1,r/slavelabour,https://www.reddit.com/r/slavelabour/,"['selenium', 'beautifulsoup']"
https://www.reddit.com/user/acto-wiz/comments/14a102x/scrape_popular_retailer_data_scrape_data_from_any/,https://www.reddit.com/user/acto-wiz/,Scrape Popular Retailer data â€“ Scrape Data From Any Ecommerce Website,0,1,u/acto-wiz,https://www.reddit.com/user/acto-wiz/,"['selenium', 'beautifulsoup']"
https://www.reddit.com/user/actowiz/comments/1498ezf/scrape_popular_retailer_data_scrape_data_from_any/,https://www.reddit.com/user/actowiz/,Scrape Popular Retailer data â€“ Scrape Data From Any Ecommerce Website,0,1,u/actowiz,https://www.reddit.com/user/actowiz/,"['selenium', 'beautifulsoup']"
https://www.reddit.com/r/learnpython/comments/148sin8/automatically_add_items_to_your_big_cartel_cart/,https://www.reddit.com/user/stitchface66/,Automatically add items to your Big Cartel cart with Python.,0,4,r/learnpython,https://www.reddit.com/r/learnpython/,"['selenium', 'beautifulsoup']"
https://www.reddit.com/r/madeinpython/comments/148o900/automatically_add_items_to_your_big_cartel_cart/,https://www.reddit.com/user/stitchface66/,Automatically add items to your Big Cartel cart with Python.,1,4,r/madeinpython,https://www.reddit.com/r/madeinpython/,"['selenium', 'beautifulsoup']"
https://www.reddit.com/r/resumes/comments/147jkfk/be_gentle_computer_science_student_2_resumesone/,https://www.reddit.com/user/TellMePeople/,"Be gentle, Computer science student, 2 resumes(one for python one for web dev)",8,1,r/resumes,https://www.reddit.com/r/resumes/,"['selenium', 'beautifulsoup']"
https://www.reddit.com/r/pythontips/comments/146udmb/python_community_lets_dive_into_the_exciting/,https://www.reddit.com/user/add-code/,Python Community: Let's Dive Into the Exciting World of Web Scraping,2,28,r/pythontips,https://www.reddit.com/r/pythontips/,"['selenium', 'beautifulsoup']"
https://www.reddit.com/r/coder_corner/comments/146s8pw/python_community_lets_dive_into_the_exciting/,https://www.reddit.com/user/add-code/,Python Community: Let's Dive Into the Exciting World of Web Scraping!,0,3,r/coder_corner,https://www.reddit.com/r/coder_corner/,"['selenium', 'beautifulsoup']"
https://www.reddit.com/r/whatsapp/comments/143235j/do_you_want_to_install_whatsapp_desktop_without/,https://www.reddit.com/user/DeadlyCarpincho/,Do you want to install WhatsApp Desktop without Microsoft Store on Windows? I have created a Python application for that.,2,3,r/whatsapp,https://www.reddit.com/r/whatsapp/,"['selenium', 'beautifulsoup']"
https://www.reddit.com/r/learnpython/comments/141nexb/driver_webdriverchrome_issues_with_a_selenium/,https://www.reddit.com/user/saint_leonard/,driver = webdriver.Chrome() :: issues with a selenium approach - how to work around,4,1,r/learnpython,https://www.reddit.com/r/learnpython/,"['selenium', 'beautifulsoup']"
https://www.reddit.com/r/Oxylabs/comments/141dmdp/how_do_i_scrape_images_with_python/,,How do I scrape images with Python?,0,3,r/Oxylabs,https://www.reddit.com/r/Oxylabs/,"['selenium', 'beautifulsoup']"
https://www.reddit.com/r/slavelabour/comments/140e4b7/offershopify_theme_development_and_web_scraping/,https://www.reddit.com/user/Trobis/,[OFFER]Shopify Theme Development and web scraping and python scripting.,1,1,r/slavelabour,https://www.reddit.com/r/slavelabour/,"['selenium', 'beautifulsoup']"
https://www.reddit.com/r/bjj/comments/13xpaeh/python_script_that_checks_the_daily_deals_on/,https://www.reddit.com/user/PlusRise/,Python script that checks the daily deals on BJJFanatics,51,96,r/bjj,https://www.reddit.com/r/bjj/,"['selenium', 'beautifulsoup']"
https://www.reddit.com/r/learnpython/comments/13vzsfg/modulenotfounderror/,https://www.reddit.com/user/BigBadBoy1003/,Modulenotfounderror,2,0,r/learnpython,https://www.reddit.com/r/learnpython/,"['selenium', 'beautifulsoup']"
https://www.reddit.com/r/selenium/comments/13tx468/how_to_enumerate_the_fields_in_and_populate_a_form/,https://www.reddit.com/user/jsalsman/,"How to enumerate the fields in, and populate a form?",2,1,r/selenium,https://www.reddit.com/r/selenium/,"['selenium', 'beautifulsoup']"
https://www.reddit.com/user/svfhrgqgc53zgbrh86/comments/13pi2f1/crawlera_list_unlocking_your_data_crawling/,https://www.reddit.com/user/svfhrgqgc53zgbrh86/,Crawlera List: Unlocking Your Data Crawling Potential,0,1,u/svfhrgqgc53zgbrh86,https://www.reddit.com/user/svfhrgqgc53zgbrh86/,"['selenium', 'beautifulsoup']"
https://www.reddit.com/r/learnpython/comments/13pdzyp/problem_with_python_web_scraping/,https://www.reddit.com/user/legendarypegasus/,Problem with python web scraping,2,1,r/learnpython,https://www.reddit.com/r/learnpython/,"['selenium', 'beautifulsoup']"
https://www.reddit.com/r/slavelabour/comments/13krmky/offershopify_theme_development_and_web_scraping/,https://www.reddit.com/user/Trobis/,[OFFER]Shopify Theme Development and web scraping and python scripting.,1,3,r/slavelabour,https://www.reddit.com/r/slavelabour/,"['selenium', 'beautifulsoup']"
https://www.reddit.com/r/learnprogramming/comments/13fgbaz/i_tried_to_keep_track_of_flight_prices_from_the/,https://www.reddit.com/user/Technical-Bee-9999/,"I tried to keep track of flight prices from the site ""skyscanner.net"" (just as a personal project, no commercial intentions) but can't get the right html with BeautifulSoup and even Selenium raises an error after a while. Are these defense mechanism from the site?",1,3,r/learnprogramming,https://www.reddit.com/r/learnprogramming/,"['selenium', 'beautifulsoup']"
https://www.reddit.com/r/webscraping/comments/13boqtw/webscraping_beginner_here_ready_to_start_leveling/,https://www.reddit.com/user/srs328/,"Webscraping beginner here ready to start leveling up to intermediate. Looking for some good webscraping repositories (e.g any of your GitHub repos/projects) that I can use as learning tools, and general recommendations for what to do next",5,1,r/webscraping,https://www.reddit.com/r/webscraping/,"['selenium', 'beautifulsoup']"
https://www.reddit.com/r/learnpython/comments/137x9pi/whats_wrong_with_my_in_stock_notification_code/,https://www.reddit.com/user/pauljohn92/,What's wrong with my in stock notification code? :(,5,0,r/learnpython,https://www.reddit.com/r/learnpython/,"['selenium', 'beautifulsoup']"
https://www.reddit.com/r/webscraping/comments/134xd64/web_scraping_and_data_visualization_project_for/,https://www.reddit.com/user/Trilobyteme/,Web Scraping and Data Visualization Project for Arctic Environmental History,7,3,r/webscraping,https://www.reddit.com/r/webscraping/,"['selenium', 'beautifulsoup']"
https://www.reddit.com/r/slavelabour/comments/134hp6y/offershopify_theme_development_and_web_scraping/,https://www.reddit.com/user/Trobis/,[OFFER]Shopify Theme Development and web scraping and python scripting.,3,2,r/slavelabour,https://www.reddit.com/r/slavelabour/,"['selenium', 'beautifulsoup']"
https://www.reddit.com/r/resumes/comments/130njja/is_there_a_way_this_data_analyst_resume_can_be/,https://www.reddit.com/user/nozdzica/,"Is there a way this data analyst resume can be improved? Applied a lot of tips from this subreddit, would appreciate some feedback after improvements.",3,2,r/resumes,https://www.reddit.com/r/resumes/,"['selenium', 'beautifulsoup']"
https://www.reddit.com/r/webscraping/comments/12z34rg/price_scraping_from_home_depot_help_help_help/,https://www.reddit.com/user/EmergencyTitle943/,Price scraping from Home Depot help help help,5,0,r/webscraping,https://www.reddit.com/r/webscraping/,"['selenium', 'beautifulsoup']"
https://www.reddit.com/r/programacao/comments/12ycu3n/ajuda_web_scraping_para_achar_url/,https://www.reddit.com/user/WolverineMiddle5976/,Ajuda web scraping para achar URL,6,0,r/programacao,https://www.reddit.com/r/programacao/,"['selenium', 'beautifulsoup']"
https://www.reddit.com/user/Sure-Series8740/comments/12x67pc/a_simple_guide_to_scraping_static_and_dynamic/,https://www.reddit.com/user/Sure-Series8740/,A Simple Guide to Scraping Static and Dynamic Websites with Python,0,1,u/Sure-Series8740,https://www.reddit.com/user/Sure-Series8740/,"['selenium', 'beautifulsoup']"
https://www.reddit.com/r/cscareerquestions/comments/12oa9e0/would_a_1_year_programming_certificate_course/,https://www.reddit.com/user/hands0m3dude/,Would a 1 year programming certificate course help me get a job in Canada?,11,1,r/cscareerquestions,https://www.reddit.com/r/cscareerquestions/,"['selenium', 'beautifulsoup']"
https://www.reddit.com/user/actowiz/comments/12lxck6/exploratory_data_analysis_of_housing_rental/,https://www.reddit.com/user/actowiz/,Exploratory Data Analysis of Housing Rental Market in Germany with Python,0,1,u/actowiz,https://www.reddit.com/user/actowiz/,"['selenium', 'beautifulsoup']"
https://www.reddit.com/r/learnpython/comments/12epj8d/beautiful_soup_getting_an_empty_list_when_using/,,"Beautiful soup, getting an empty list when using find_all method",14,2,r/learnpython,https://www.reddit.com/r/learnpython/,"['selenium', 'beautifulsoup']"
https://www.reddit.com/r/developersIndia/comments/12d8r52/would_like_someone_to_review_my_resume_from_ats/,https://www.reddit.com/user/AdCapable9122/,Would like someone to review my resume from ATS perspective. Also looking out for jobs matching my profile. Do let me know if there are any leads.,1,2,r/developersIndia,https://www.reddit.com/r/developersIndia/,"['selenium', 'beautifulsoup']"
https://www.reddit.com/r/pythontips/comments/12csrzv/help_request_prime_video_watchlist_scraper/,https://www.reddit.com/user/MonkeyOps53/,Help Request: Prime Video Watchlist Scraper,0,2,r/pythontips,https://www.reddit.com/r/pythontips/,"['selenium', 'beautifulsoup']"
https://www.reddit.com/r/slavelabour/comments/12alhf5/offershopify_theme_development_and_web_scraping/,https://www.reddit.com/user/Trobis/,[OFFER]Shopify Theme Development and web scraping and python scripting.,5,1,r/slavelabour,https://www.reddit.com/r/slavelabour/,"['selenium', 'beautifulsoup']"
https://www.reddit.com/r/learnpython/comments/129w3zx/is_my_idea_possible_creating_an_ai/,https://www.reddit.com/user/IcyPresentation1536/,Is my idea possible? Creating an AI.,4,0,r/learnpython,https://www.reddit.com/r/learnpython/,"['selenium', 'beautifulsoup']"
https://www.reddit.com/r/webscraping/comments/129dawn/confused_about_selenium_and_also_curl/,,Confused about Selenium and also CURL,3,0,r/webscraping,https://www.reddit.com/r/webscraping/,"['selenium', 'beautifulsoup']"
https://www.reddit.com/r/programacao/comments/128t0oc/me_ajudaaaaa/,https://www.reddit.com/user/Ok_Home_4400/,ME AJUDAAAAA,4,0,r/programacao,https://www.reddit.com/r/programacao/,"['selenium', 'beautifulsoup']"
https://www.reddit.com/r/learnpython/comments/128rxlo/i_need_help_with_filewrite_and_removing_a_column/,https://www.reddit.com/user/k3yb0ardCowboy/,I need help with file.write() and removing a column of dates from being saved to csv,5,0,r/learnpython,https://www.reddit.com/r/learnpython/,"['selenium', 'beautifulsoup']"
https://www.reddit.com/r/learnpython/comments/1224hjf/can_requests_be_used_to_make_a_call_to_a_js/,https://www.reddit.com/user/Money_Wafer_8292/,Can Requests be used to make a call to a js script? Need some guidance.,5,0,r/learnpython,https://www.reddit.com/r/learnpython/,"['selenium', 'beautifulsoup']"
https://www.reddit.com/user/actowiz/comments/11x99k8/how_to_scrape_amazon_ppc_ad_data_in_realtime_and/,https://www.reddit.com/user/actowiz/,How to Scrape Amazon PPC AD Data in Real-Time and Completely Free?,0,1,u/actowiz,https://www.reddit.com/user/actowiz/,"['selenium', 'beautifulsoup']"
https://www.reddit.com/r/webscraping/comments/11oltsv/beautifulsoup_scraping_only_first_few_lines_of/,https://www.reddit.com/user/adithyab14/,beautifulsoup scraping only first few lines of content,10,0,r/webscraping,https://www.reddit.com/r/webscraping/,"['selenium', 'beautifulsoup']"
https://www.reddit.com/r/learnpython/comments/11nc0wl/im_stuck_on_web_scraping_dont_know_what_the_issue/,https://www.reddit.com/user/runnershigh1990/,I'm stuck on web scraping / don't know what the issue is,5,2,r/learnpython,https://www.reddit.com/r/learnpython/,"['selenium', 'beautifulsoup']"
https://www.reddit.com/r/programminghelp/comments/11l86oc/help_with_web_scraping_to_create_a_small_books/,https://www.reddit.com/user/Marvellover13/,"help with web scraping to create a small books database in python, and formatting a CVS file in python as well?",0,2,r/programminghelp,https://www.reddit.com/r/programminghelp/,"['selenium', 'beautifulsoup']"
https://www.reddit.com/r/DoneDirtCheap/comments/11k1dbm/offeri_will_help_scrape_websites_for_data_and/,https://www.reddit.com/user/Trobis/,[OFFER]I will help scrape websites for data and python scripting.,2,2,r/DoneDirtCheap,https://www.reddit.com/r/DoneDirtCheap/,"['selenium', 'beautifulsoup']"
https://www.reddit.com/r/learnpython/comments/11icw46/handling_dynamic_table_reloading_after_next_page/,https://www.reddit.com/user/throwawayrandomvowel/,Handling dynamic table re-loading after next page,3,2,r/learnpython,https://www.reddit.com/r/learnpython/,"['selenium', 'beautifulsoup']"
https://www.reddit.com/r/webscraping/comments/11h2b1z/noob_here_looking_for_some_tips_on_this_code_for/,https://www.reddit.com/user/Marvellover13/,"noob here, looking for some tips on this code for optimization if there's any need.",14,2,r/webscraping,https://www.reddit.com/r/webscraping/,"['selenium', 'beautifulsoup']"
https://www.reddit.com/r/slavelabour/comments/11gar6t/offershopify_theme_development_and_web_scraping/,https://www.reddit.com/user/Trobis/,[OFFER]Shopify Theme Development and web scraping and python scripting.,2,1,r/slavelabour,https://www.reddit.com/r/slavelabour/,"['selenium', 'beautifulsoup']"
https://www.reddit.com/r/learnpython/comments/11fq5nr/does_anyone_know_what_this_error_is_and_how_i_can/,https://www.reddit.com/user/runnershigh1990/,Does anyone know what this error is and how I can rectify? I'm trying to web scrap,5,0,r/learnpython,https://www.reddit.com/r/learnpython/,"['selenium', 'beautifulsoup']"
https://www.reddit.com/r/selenium/comments/11fkmdg/unable_to_retrieve_new_html_code_after_clicking/,https://www.reddit.com/user/Itchy-Computer3903/,Unable to retrieve new html code after clicking next button using selenium. URL doesn't change as well,8,3,r/selenium,https://www.reddit.com/r/selenium/,"['selenium', 'beautifulsoup']"
https://www.reddit.com/r/selenium/comments/11f4qv3/data_scraping_and_i_get_this_problem_were_sorry/,https://www.reddit.com/user/Itchy-Computer3903/,Data scraping and I get this problem: We're sorry but viewer-app doesn't work properly without JavaScript enabled. Please enable it to continue,3,3,r/selenium,https://www.reddit.com/r/selenium/,"['selenium', 'beautifulsoup']"
https://www.reddit.com/r/learnprogramming/comments/118turm/trying_to_build_a_web_scraping_bot_but_i_keep/,https://www.reddit.com/user/ConvictedReaper/,"Trying to build a web scraping bot, but I keep getting ""unable to find element""",5,5,r/learnprogramming,https://www.reddit.com/r/learnprogramming/,"['selenium', 'beautifulsoup']"
https://www.reddit.com/r/learnprogramming/comments/116aits/how_do_i_download_html_as_it_looks_in_my_browser/,https://www.reddit.com/user/Cold-Hearted-Bastard/,How do I download HTML as it looks in my browser?,1,1,r/learnprogramming,https://www.reddit.com/r/learnprogramming/,"['selenium', 'beautifulsoup']"
https://www.reddit.com/r/webscraping/comments/115iume/i_try_to_scrap_seeking_alpha_articles/,https://www.reddit.com/user/cheapnessltd/,I try to scrap Seeking alpha articles,0,1,r/webscraping,https://www.reddit.com/r/webscraping/,"['selenium', 'beautifulsoup']"
https://www.reddit.com/r/learnpython/comments/114ueza/i_cant_scrape_imdb/,https://www.reddit.com/user/gbosah/,I can't scrape imdb,2,0,r/learnpython,https://www.reddit.com/r/learnpython/,"['selenium', 'beautifulsoup']"
https://www.reddit.com/r/resumes/comments/113rpp8/would_appreciate_some_feedback_from_india/,https://www.reddit.com/user/Raggs04/,"Would appreciate some feedback. From India specifically, in my notice period and my new job offer was just pulled.",2,1,r/resumes,https://www.reddit.com/r/resumes/,"['selenium', 'beautifulsoup']"
https://www.reddit.com/r/slavelabour/comments/111d9i6/offeri_will_help_scrape_websites_for_data_and/,https://www.reddit.com/user/Trobis/,[OFFER]I will help scrape websites for data and python scripting.,1,1,r/slavelabour,https://www.reddit.com/r/slavelabour/,"['selenium', 'beautifulsoup']"
https://www.reddit.com/r/webscraping/comments/110ha2v/website_behind_cloudflare_and_user_logon/,https://www.reddit.com/user/MedicalFish9200/,Website behind cloudflare and user logon,4,5,r/webscraping,https://www.reddit.com/r/webscraping/,"['selenium', 'beautifulsoup']"
https://www.reddit.com/user/Seosprint/comments/10v06kx/development_of_a_parser_in_python_to_receive_any/,https://www.reddit.com/user/Seosprint/,Development of a Parser in Python to Receive Any Data from Sites,0,2,u/Seosprint,https://www.reddit.com/user/Seosprint/,"['selenium', 'beautifulsoup']"
https://www.reddit.com/r/replit/comments/10rq6tc/does_anyone_know_how_to_fix_this_error_i_am/,,Does anyone know how to fix this error? I am trying to webscrape and get top 50 passing yard leaders of all time in nfl history but I keep getting this error,2,0,r/replit,https://www.reddit.com/r/replit/,"['selenium', 'beautifulsoup']"
https://www.reddit.com/r/ChatGPT/comments/10qavkk/revolutionizing_twitter_analytics_with_gpt3_check/,https://www.reddit.com/user/Traditional-Drop4922/,Revolutionizing Twitter Analytics with GPT-3: Check Out My ChatGPT-powered Twitter Comment Analyzer Repo,1,1,r/ChatGPT,https://www.reddit.com/r/ChatGPT/,"['selenium', 'beautifulsoup']"
https://www.reddit.com/r/ChatGPT/comments/10ohegg/best_dan_conversation_yet_for_me/,https://www.reddit.com/user/cyberunicorn2020/,Best DAN conversation yet for me,1,2,r/ChatGPT,https://www.reddit.com/r/ChatGPT/,"['selenium', 'beautifulsoup']"
https://www.reddit.com/r/IWantOut/comments/10k26b6/iwantout_27m_usa_japan/,,[IWantOut] 27M USA -> Japan,51,41,r/IWantOut,https://www.reddit.com/r/IWantOut/,"['selenium', 'beautifulsoup']"
https://www.reddit.com/r/slavelabour/comments/10j6qyw/offeri_will_help_scrape_websites_for_data_and/,https://www.reddit.com/user/Trobis/,[OFFER]I will help scrape websites for data and python scripting.,1,5,r/slavelabour,https://www.reddit.com/r/slavelabour/,"['selenium', 'beautifulsoup']"
https://www.reddit.com/r/learnpython/comments/10hfz86/im_trying_to_make_a_web_scraper_for_the_site/,https://www.reddit.com/user/TheHunter920/,"I'm trying to make a web scraper for the site rpilocator.com without Selenium, but here are the issues I'm running into:",6,1,r/learnpython,https://www.reddit.com/r/learnpython/,"['selenium', 'beautifulsoup']"
https://www.reddit.com/r/resumes/comments/10ey8ou/seeking_advice_to_get_an_entry_level_job_in_data/,https://www.reddit.com/user/lohessabb/,Seeking advice to get an entry level job in data science,1,7,r/resumes,https://www.reddit.com/r/resumes/,"['selenium', 'beautifulsoup']"
https://www.reddit.com/r/webscraping/comments/10el6kb/which_course_is_better_for_web_parsing/,https://www.reddit.com/user/NikitaQuinn/,Which course is better for web parsing?,5,4,r/webscraping,https://www.reddit.com/r/webscraping/,"['selenium', 'beautifulsoup']"
https://www.reddit.com/r/progether/comments/10dt7xe/im_in_london_do_you_want_to_progether_in_python/,https://www.reddit.com/user/eric777777777/,I'm in London - do you want to Progether in Python something based on Data & related to Finance & Fundraising?,6,2,r/progether,https://www.reddit.com/r/progether/,"['selenium', 'beautifulsoup']"
https://www.reddit.com/r/selenium/comments/10dpl7k/hard_time_populating_the_find_elements_function/,https://www.reddit.com/user/No_Assignment_8590/,Hard time populating the find_elements function.,8,3,r/selenium,https://www.reddit.com/r/selenium/,"['selenium', 'beautifulsoup']"
https://www.reddit.com/r/dataanalysis/comments/10d8j1t/i_have_been_applying_for_remote_data_analyst/,https://www.reddit.com/user/Longjumping_Guess_57/,I have been applying for remote Data analyst Internship position since last month but getting no response.,31,14,r/dataanalysis,https://www.reddit.com/r/dataanalysis/,"['selenium', 'beautifulsoup']"
https://www.reddit.com/r/developersIndia/comments/zzpg2f/reviewroast_my_resume_please_day_2/,https://www.reddit.com/user/theLaw1730/,Review(/roast) my resume please. [Day 2],8,8,r/developersIndia,https://www.reddit.com/r/developersIndia/,"['selenium', 'beautifulsoup']"
https://www.reddit.com/r/learnpython/comments/zz9bqn/how_to_stop_selenium_scrape_after_final_page/,https://www.reddit.com/user/overcomingnes/,How To Stop Selenium Scrape After Final Page Pagination?,0,1,r/learnpython,https://www.reddit.com/r/learnpython/,"['selenium', 'beautifulsoup']"
https://www.reddit.com/r/developersIndia/comments/zywie4/reviewroast_my_resume_please/,https://www.reddit.com/user/theLaw1730/,Review(/roast) my resume please.,2,0,r/developersIndia,https://www.reddit.com/r/developersIndia/,"['selenium', 'beautifulsoup']"
https://www.reddit.com/r/webscraping/comments/zydznc/scraping_javascript_based_website/,https://www.reddit.com/user/Jason_hill100/,scraping JavaScript based website,5,1,r/webscraping,https://www.reddit.com/r/webscraping/,"['selenium', 'beautifulsoup']"
https://www.reddit.com/r/datascience/comments/zy21q8/fresher_trying_to_penetrate_the_energy_x_data/,https://www.reddit.com/user/ComprehensiveTea6232/,"Fresher trying to penetrate the energy X data science market, what do you think of my resume?",5,0,r/datascience,https://www.reddit.com/r/datascience/,"['selenium', 'beautifulsoup']"
https://www.reddit.com/r/Resume/comments/zy1zbj/what_do_you_think_of_my_data_scienceoriented/,https://www.reddit.com/user/ComprehensiveTea6232/,What do you think of my data science-oriented resume ?,1,3,r/Resume,https://www.reddit.com/r/Resume/,"['selenium', 'beautifulsoup']"
https://www.reddit.com/r/learnpython/comments/zw5e1y/how_to_deal_with_loading_elements_in_selenium_and/,https://www.reddit.com/user/JRMhere/,How to deal with loading elements in selenium and beautiful soup?,2,1,r/learnpython,https://www.reddit.com/r/learnpython/,"['selenium', 'beautifulsoup']"
https://www.reddit.com/r/learnpython/comments/zuvsct/section_tag_is_missing_in_the_html_code_scraped/,https://www.reddit.com/user/Tech-Sapien18/,Section tag is missing in the html code scraped from the web using Python Selenium,1,0,r/learnpython,https://www.reddit.com/r/learnpython/,"['selenium', 'beautifulsoup']"
https://www.reddit.com/r/slavelabour/comments/zqxpzr/offeri_will_help_scrape_websites_for_data_and/,https://www.reddit.com/user/Trobis/,[OFFER]I will help scrape websites for data and python scripting.,2,0,r/slavelabour,https://www.reddit.com/r/slavelabour/,"['selenium', 'beautifulsoup']"
https://www.reddit.com/r/datascience/comments/zc26dz/online_courses_for_data_scraping_with_python/,https://www.reddit.com/user/respectedwarlock/,Online courses for Data Scraping with Python,4,2,r/datascience,https://www.reddit.com/r/datascience/,"['selenium', 'beautifulsoup']"
https://www.reddit.com/r/learnpython/comments/z8wdle/selenium_how_to_toggle_button/,,selenium how to toggle button.,4,3,r/learnpython,https://www.reddit.com/r/learnpython/,"['selenium', 'beautifulsoup']"
https://www.reddit.com/r/webscraping/comments/z7vf58/i_tried_webscraping_this_website_with_selenium/,https://www.reddit.com/user/Left4Head/,I tried webscraping this website with Selenium and BeautifulSoup but Iâ€™ve had no luck. Can anyone tell me what Iâ€™m doing wrong?,10,4,r/webscraping,https://www.reddit.com/r/webscraping/,"['selenium', 'beautifulsoup']"
https://www.reddit.com/user/Thinkitive/comments/z7qrbr/what_is_web_scraping/,https://www.reddit.com/user/Thinkitive/,What is Web Scraping?,0,1,u/Thinkitive,https://www.reddit.com/user/Thinkitive/,"['selenium', 'beautifulsoup']"
https://www.reddit.com/r/AskProgramming/comments/z76noy/scroll_down_a_lazy_loading_web_page_to_parse/,https://www.reddit.com/user/Prgrmr_in_training/,"Scroll down a ""Lazy Loading"" web page to parse historical data (Python, Selenium, BeautifulSoup4)",2,2,r/AskProgramming,https://www.reddit.com/r/AskProgramming/,"['selenium', 'beautifulsoup']"
https://www.reddit.com/r/resumes/comments/z5usyw/applying_for_data_analyst_roles_looking_for/,https://www.reddit.com/user/Raksup/,Applying for Data Analyst roles. Looking for feedback and critique.,1,4,r/resumes,https://www.reddit.com/r/resumes/,"['selenium', 'beautifulsoup']"
https://www.reddit.com/r/learnpython/comments/yw4kf1/scrapy_vs_beautifulsoup_vs_selenium/,https://www.reddit.com/user/obviously-not-a-bot/,Scrapy vs BeautifulSoup vs Selenium,1,5,r/learnpython,https://www.reddit.com/r/learnpython/,"['selenium', 'beautifulsoup']"
https://www.reddit.com/r/webscraping/comments/yvhphu/pythonselenium_pass_driverget_from_the_command/,https://www.reddit.com/user/junguler/,python/selenium pass driver.get() from the command line?,0,1,r/webscraping,https://www.reddit.com/r/webscraping/,"['selenium', 'beautifulsoup']"
https://www.reddit.com/r/learnprogramming/comments/ysxuu8/beautifulsoup_returns_partial_results_every_time/,https://www.reddit.com/user/Lurker123__/,BeautifulSoup returns partial results every time I run it,2,1,r/learnprogramming,https://www.reddit.com/r/learnprogramming/,"['selenium', 'beautifulsoup']"
https://www.reddit.com/r/scrapy/comments/ynnd66/is_it_possible_to_interact_with_pages_using_scrapy/,https://www.reddit.com/user/cepci1/,Is it possible to interact with pages using scrapy?,4,1,r/scrapy,https://www.reddit.com/r/scrapy/,"['selenium', 'beautifulsoup']"
https://www.reddit.com/r/webscraping/comments/ynna6e/which_librariesframeworks_could_be_used_for_page/,https://www.reddit.com/user/cepci1/,which libraries/frameworks could be used for page interaction?,4,2,r/webscraping,https://www.reddit.com/r/webscraping/,"['selenium', 'beautifulsoup']"
https://www.reddit.com/r/learnpython/comments/yha9nx/where_do_i_host_a_selenium_or_beautifulsoup/,https://www.reddit.com/user/911OpenUp/,Where do I host a Selenium or BeautifulSoup script that scrapes the web every night and stores the data into a database?,3,1,r/learnpython,https://www.reddit.com/r/learnpython/,"['selenium', 'beautifulsoup']"
https://www.reddit.com/r/Python/comments/ydugq9/automating_downloading_95_excel_files_with_python/,https://www.reddit.com/user/makedatauseful/,Automating downloading 95 Excel files with Python,15,396,r/Python,https://www.reddit.com/r/Python/,"['selenium', 'beautifulsoup']"
https://www.reddit.com/r/learnpython/comments/ycyusi/how_do_i_scrape_data_from_a_dynamic_website/,https://www.reddit.com/user/annoyedbird13/,How do i scrape data from a dynamic website?,18,10,r/learnpython,https://www.reddit.com/r/learnpython/,"['selenium', 'beautifulsoup']"
https://www.reddit.com/r/resumes/comments/ybxjml/resume_review_for_data_science_intern/,https://www.reddit.com/user/vile_proxima/,Resume review for Data Science Intern,3,2,r/resumes,https://www.reddit.com/r/resumes/,"['selenium', 'beautifulsoup']"
https://www.reddit.com/r/Discord_Bots/comments/yap19g/is_it_possible_to_scrape_messages_from_a_discord/,,Is it possible to scrape messages from a Discord personal chat box?,5,2,r/Discord_Bots,https://www.reddit.com/r/Discord_Bots/,"['selenium', 'beautifulsoup']"
https://www.reddit.com/r/webscraping/comments/y803kr/bs4error_on_specific_site/,https://www.reddit.com/user/Rapid1898/,BS4-error on specific site?,1,1,r/webscraping,https://www.reddit.com/r/webscraping/,"['selenium', 'beautifulsoup']"
https://www.reddit.com/r/EngineeringResumes/comments/y2ifmp/new_immigrant_looking_for_feedback_on_swe_resume/,https://www.reddit.com/user/Pok11mon/,"New immigrant looking for feedback on SWE resume, any advice is greatly appreciated",3,3,r/EngineeringResumes,https://www.reddit.com/r/EngineeringResumes/,"['selenium', 'beautifulsoup']"
https://www.reddit.com/r/slavelabour/comments/y1xim0/offeri_will_help_scrape_websites_for_data_and/,https://www.reddit.com/user/Trobis/,[OFFER]I will help scrape websites for data and python scripting.,2,4,r/slavelabour,https://www.reddit.com/r/slavelabour/,"['selenium', 'beautifulsoup']"
https://www.reddit.com/r/learnpython/comments/xwsnrt/access_sites_that_require_javascript_with/,https://www.reddit.com/user/sma92878/,"Access sites that require Javascript with ""requests"" or bypassing blockers with Selenium",2,1,r/learnpython,https://www.reddit.com/r/learnpython/,"['selenium', 'beautifulsoup']"
https://www.reddit.com/r/learnprogramming/comments/xtcg8w/problem_with_scraper_could_someone_help_me/,https://www.reddit.com/user/Hello_Every123/,Problem with scraper. Could someone help me understand the error message?,0,1,r/learnprogramming,https://www.reddit.com/r/learnprogramming/,"['selenium', 'beautifulsoup']"
https://www.reddit.com/r/resumes/comments/xoa02m/struggling_to_find_a_job_as_full_stack_developer/,https://www.reddit.com/user/pruthviisoni/,struggling to find a job as full stack developer. Let me know your thoughts.,4,1,r/resumes,https://www.reddit.com/r/resumes/,"['selenium', 'beautifulsoup']"
https://www.reddit.com/r/learnprogramming/comments/xkljwb/first_google_result_link_c/,https://www.reddit.com/user/oraudev/,First google result link C#,0,1,r/learnprogramming,https://www.reddit.com/r/learnprogramming/,"['selenium', 'beautifulsoup']"
https://www.reddit.com/r/learnpython/comments/xkb9iv/unable_to_extract_element_with_requests_and/,https://www.reddit.com/user/Vast_Manufacturer811/,Unable to extract element with requests and beautifulsoup,1,1,r/learnpython,https://www.reddit.com/r/learnpython/,"['selenium', 'beautifulsoup']"
https://www.reddit.com/r/learnpython/comments/xiyz3u/trouble_with_webscraping_and_javascript_on_website/,https://www.reddit.com/user/Chris_B123/,Trouble with webscraping and javascript on website,2,1,r/learnpython,https://www.reddit.com/r/learnpython/,"['selenium', 'beautifulsoup']"
https://www.reddit.com/r/learnpython/comments/xfv2zy/need_help_downloading_pdf_from_unconventional_url/,https://www.reddit.com/user/sendnukes23/,Need help downloading PDF from unconventional (?) URL,1,1,r/learnpython,https://www.reddit.com/r/learnpython/,"['selenium', 'beautifulsoup']"
https://www.reddit.com/r/slavelabour/comments/xd1s31/offeri_will_help_scrape_websites_for_data_and/,https://www.reddit.com/user/Trobis/,[OFFER]I will help scrape websites for data and python scripting.,2,1,r/slavelabour,https://www.reddit.com/r/slavelabour/,"['selenium', 'beautifulsoup']"
https://www.reddit.com/r/slavelabour/comments/x5kn8n/offeri_will_help_scrape_websites_for_data_and/,https://www.reddit.com/user/Trobis/,[OFFER]I will help scrape websites for data and python scripting.,1,1,r/slavelabour,https://www.reddit.com/r/slavelabour/,"['selenium', 'beautifulsoup']"
https://www.reddit.com/r/learnpython/comments/x3d3px/im_embarrassed_of_my_code/,https://www.reddit.com/user/thrussie/,Iâ€™m embarrassed of my code,11,1,r/learnpython,https://www.reddit.com/r/learnpython/,"['selenium', 'beautifulsoup']"
https://www.reddit.com/r/discgolf/comments/x1y6c3/a_simple_simulation_to_predict_worlds_winner/,https://www.reddit.com/user/AutomaticMaterial313/,A simple simulation to predict World's winner,7,14,r/discgolf,https://www.reddit.com/r/discgolf/,"['selenium', 'beautifulsoup']"
https://www.reddit.com/r/PythonJobs/comments/wxmibd/python_developer_at_your_services/,https://www.reddit.com/user/WilfredM94/,Python developer at your services,1,1,r/PythonJobs,https://www.reddit.com/r/PythonJobs/,"['selenium', 'beautifulsoup']"
https://www.reddit.com/r/slavelabour/comments/wtrzvs/offeri_will_help_scrape_websites_for_data_and/,https://www.reddit.com/user/Trobis/,[OFFER]I will help scrape websites for data and python scripting.,1,2,r/slavelabour,https://www.reddit.com/r/slavelabour/,"['selenium', 'beautifulsoup']"
https://www.reddit.com/user/Actowiz-solutions/comments/wpqg0q/how_to_extract_monkeypox_data_by_using_web/,https://www.reddit.com/user/Actowiz-solutions/,How to Extract Monkeypox Data By Using Web Scraping & Pandas?,0,1,u/Actowiz-solutions,https://www.reddit.com/user/Actowiz-solutions/,"['selenium', 'beautifulsoup']"
https://www.reddit.com/r/webdev/comments/wpq0ho/studying_data_science_asking_for_advice_on/,,"Studying Data Science: Asking for advice on permissions, necessary keys/certificates, etc. on scraping data from someone who develops websites with databases.",1,0,r/webdev,https://www.reddit.com/r/webdev/,"['selenium', 'beautifulsoup']"
https://www.reddit.com/r/Resume/comments/wn3wc0/review_request_junior_software_developer_qa_or/,https://www.reddit.com/user/bytesizedinquiries/,"Review Request - Junior Software Developer, QA or Tech Support Engineer; Skills section modified based on position",4,3,r/Resume,https://www.reddit.com/r/Resume/,"['selenium', 'beautifulsoup']"
https://www.reddit.com/r/learnpython/comments/wlixoy/set_a_class_method_as_an_init_variable/,https://www.reddit.com/user/tdonov/,Set a class method as an __init__ variable,4,2,r/learnpython,https://www.reddit.com/r/learnpython/,"['selenium', 'beautifulsoup']"
https://www.reddit.com/r/Python/comments/wkdmf1/i_made_a_hackernoon_web_scraper_with_selenium_and/,https://www.reddit.com/user/_fleri/,"I made a Hackernoon web scraper with Selenium, and deployed as a cron job without dealing with infrastructure",2,1,r/Python,https://www.reddit.com/r/Python/,"['selenium', 'beautifulsoup']"
https://www.reddit.com/r/learnpython/comments/wh0tca/trouble_when_choosing_python_web_scraping_tool_or/,https://www.reddit.com/user/tys203831/,Trouble when choosing Python web scraping tool or library?,2,0,r/learnpython,https://www.reddit.com/r/learnpython/,"['selenium', 'beautifulsoup']"
https://www.reddit.com/r/webscraping/comments/wd5zce/scraping_links_from_a_forum/,https://www.reddit.com/user/rab5374/,Scraping links from a forum,3,3,r/webscraping,https://www.reddit.com/r/webscraping/,"['selenium', 'beautifulsoup']"
https://www.reddit.com/r/learnpython/comments/wcm25z/rewriting_code_with_classes/,https://www.reddit.com/user/tdonov/,Rewriting code with classes,3,0,r/learnpython,https://www.reddit.com/r/learnpython/,"['selenium', 'beautifulsoup']"
https://www.reddit.com/r/learnpython/comments/wc4q5y/using_lxml_and_requests_to_scrape_by_xpath_and/,,using LXML and requests to scrape by Xpath and CSS selector. I can't get the text data by CSSSelector. just an CSSSelector object.,3,0,r/learnpython,https://www.reddit.com/r/learnpython/,"['selenium', 'beautifulsoup']"
https://www.reddit.com/r/django/comments/wb1vr9/i_need_an_advise_as_a_junior_developer/,https://www.reddit.com/user/Anxious_Extreme_5738/,I need an advise as a junior developer,40,23,r/django,https://www.reddit.com/r/django/,"['selenium', 'beautifulsoup']"
https://www.reddit.com/r/learnpython/comments/w52yhk/need_help_with_visualisation_of_multiprocessing/,https://www.reddit.com/user/Kakashi215/,Need help with visualisation of multiprocessing downloads.,3,1,r/learnpython,https://www.reddit.com/r/learnpython/,"['selenium', 'beautifulsoup']"
https://www.reddit.com/r/learnprogramming/comments/vz8qcf/python_webscrap_help/,https://www.reddit.com/user/jamie2610/,PYTHON WEBSCRAP HELP,3,1,r/learnprogramming,https://www.reddit.com/r/learnprogramming/,"['selenium', 'beautifulsoup']"
https://www.reddit.com/r/learnpython/comments/vz8pqp/webscrapping_help/,https://www.reddit.com/user/jamie2610/,WEBSCRAPPING HELP,3,0,r/learnpython,https://www.reddit.com/r/learnpython/,"['selenium', 'beautifulsoup']"
https://www.reddit.com/r/selenium/comments/vy03t6/upscaling_webscrape_using_selenium_framework/,https://www.reddit.com/user/Dan_druffs/,Upscaling webscrape using Selenium framework,1,3,r/selenium,https://www.reddit.com/r/selenium/,"['selenium', 'beautifulsoup']"
https://www.reddit.com/r/learnpython/comments/vxelco/webscraping_with_beautifulsoup_and_selenium/,https://www.reddit.com/user/_teediz/,"Webscraping with BeautifulSoup and Selenium, returns only first result of each page (not all the results)",1,1,r/learnpython,https://www.reddit.com/r/learnpython/,"['selenium', 'beautifulsoup']"
https://www.reddit.com/r/learnpython/comments/vumllz/web_scrapping_help/,https://www.reddit.com/user/Zero404NF/,Web Scrapping help?,4,0,r/learnpython,https://www.reddit.com/r/learnpython/,"['selenium', 'beautifulsoup']"
https://www.reddit.com/r/webscraping/comments/vulurh/hello_currently_building_nike_store_webscrapper/,https://www.reddit.com/user/Zero404NF/,Hello currently building nike store webscrapper (but only limited index)?,0,4,r/webscraping,https://www.reddit.com/r/webscraping/,"['selenium', 'beautifulsoup']"
https://www.reddit.com/r/learnpython/comments/vu245l/selenium_beautifulsoup_how_to_scroll_down_or/,https://www.reddit.com/user/Q_H_Chu/,[Selenium + BeautifulSoup] How to scroll down or reveal hidden div tags?,2,0,r/learnpython,https://www.reddit.com/r/learnpython/,"['selenium', 'beautifulsoup']"
https://www.reddit.com/r/learnpython/comments/vrxfth/webscraping_next_page_return_first_page_everytime/,https://www.reddit.com/user/_teediz/,Webscraping next page return first page everytime (BeautifulSoup and Selenium),1,1,r/learnpython,https://www.reddit.com/r/learnpython/,"['selenium', 'beautifulsoup']"
https://www.reddit.com/r/webscraping/comments/vr1hpj/octoparse_scraping/,https://www.reddit.com/user/rd_md005/,Octoparse scraping,2,1,r/webscraping,https://www.reddit.com/r/webscraping/,"['selenium', 'beautifulsoup']"
https://www.reddit.com/r/learnpython/comments/vngl4y/how_to_scrape_next_page_selenium_beautifulsoup/,https://www.reddit.com/user/_teediz/,How to scrape next page (Selenium & BeautifulSoup),5,2,r/learnpython,https://www.reddit.com/r/learnpython/,"['selenium', 'beautifulsoup']"
https://www.reddit.com/r/Python/comments/vncw6d/what_is_the_best_library_for_website_scraping/,https://www.reddit.com/user/Ram_1979/,What is the best library for website scraping?,41,59,r/Python,https://www.reddit.com/r/Python/,"['selenium', 'beautifulsoup']"
https://www.reddit.com/r/webscraping/comments/vm9vby/help_with_headers/,https://www.reddit.com/user/boiifyoudont1234/,Help with headers,4,1,r/webscraping,https://www.reddit.com/r/webscraping/,"['selenium', 'beautifulsoup']"
https://www.reddit.com/r/learnpython/comments/vit3pa/how_can_i_get_the_text_from_multiple_imsdb_pages/,https://www.reddit.com/user/unknown044/,How can i get the text from multiple imsdb pages,1,1,r/learnpython,https://www.reddit.com/r/learnpython/,"['selenium', 'beautifulsoup']"
https://www.reddit.com/r/slavelabour/comments/vhw41w/offeri_will_help_scrape_websites_for_data_and/,https://www.reddit.com/user/Trobis/,[OFFER]I will help scrape websites for data and python scripting.,2,3,r/slavelabour,https://www.reddit.com/r/slavelabour/,"['selenium', 'beautifulsoup']"
https://www.reddit.com/r/learnpython/comments/vhuj46/how_do_i_login_to_a_website_using_python/,https://www.reddit.com/user/Dohello/,How do I login to a website using python?,8,1,r/learnpython,https://www.reddit.com/r/learnpython/,"['selenium', 'beautifulsoup']"
https://www.reddit.com/r/AskProgramming/comments/vger04/how_do_you_recursively_print_website_url_from/,,How do you recursively print website url from certain point in python?,4,3,r/AskProgramming,https://www.reddit.com/r/AskProgramming/,"['selenium', 'beautifulsoup']"
https://www.reddit.com/r/learnpython/comments/vfot9z/cant_download_images_url_sarting_with/,https://www.reddit.com/user/Edulad/,Cant Download images Url sarting with data:image/jpeg,5,1,r/learnpython,https://www.reddit.com/r/learnpython/,"['selenium', 'beautifulsoup']"
https://www.reddit.com/r/slavelabour/comments/vecqem/offeri_will_help_scrape_websites_for_data_and/,https://www.reddit.com/user/Trobis/,[OFFER]I will help scrape websites for data and python scripting.,2,3,r/slavelabour,https://www.reddit.com/r/slavelabour/,"['selenium', 'beautifulsoup']"
https://www.reddit.com/r/learnpython/comments/vb8nf0/scraping_how_to_bypass_accept_terms/,https://www.reddit.com/user/Longjumping-Common88/,Scraping - How to bypass accept terms & conditions/ads/accept cookies without selenium,2,4,r/learnpython,https://www.reddit.com/r/learnpython/,"['selenium', 'beautifulsoup']"
https://www.reddit.com/r/learnpython/comments/v7e63v/scraping_dynamic_websites/,https://www.reddit.com/user/paleoboyy/,Scraping dynamic websites,10,4,r/learnpython,https://www.reddit.com/r/learnpython/,"['selenium', 'beautifulsoup']"
https://www.reddit.com/r/learnpython/comments/v43nqf/at_what_level_should_i_try_to_get_a_job/,https://www.reddit.com/user/linuxuser2021/,At what level should I try to get a job?,80,196,r/learnpython,https://www.reddit.com/r/learnpython/,"['selenium', 'beautifulsoup']"
https://www.reddit.com/r/learnpython/comments/v3linh/web_scraping_pages_containing_javascript/,https://www.reddit.com/user/n7shadowop/,Web Scraping Pages Containing JavaScript,2,1,r/learnpython,https://www.reddit.com/r/learnpython/,"['selenium', 'beautifulsoup']"
https://www.reddit.com/r/learnpython/comments/v2p3sg/what_framework_should_i_use_to_create_a_website/,https://www.reddit.com/user/khalkhall/,What framework should I use to create a website that scrapes data?,4,8,r/learnpython,https://www.reddit.com/r/learnpython/,"['selenium', 'beautifulsoup']"
https://www.reddit.com/user/webscreenscraping2/comments/v2b4t5/how_web_scraping_is_used_to_extract_amazon_prime/,https://www.reddit.com/user/webscreenscraping2/,How Web Scraping Is Used To Extract Amazon Prime Data Using Selenium And Beautifulsoup?,0,1,u/webscreenscraping2,https://www.reddit.com/user/webscreenscraping2/,"['selenium', 'beautifulsoup']"
https://www.reddit.com/user/webscreenscraping2/comments/unyv61/how_web_scraping_can_be_used_to_fetch_data_from/,https://www.reddit.com/user/webscreenscraping2/,How Web Scraping Can Be Used To Fetch Data From Flipkart Using Python? Home,0,1,u/webscreenscraping2,https://www.reddit.com/user/webscreenscraping2/,"['selenium', 'beautifulsoup']"
https://www.reddit.com/r/Python/comments/uk2hab/make_money_with_code/,https://www.reddit.com/user/WasMaestro/,Make money with code,14,0,r/Python,https://www.reddit.com/r/Python/,"['selenium', 'beautifulsoup']"
https://www.reddit.com/r/learnprogramming/comments/uhwgjl/why_would_you_want_to_use_beautifulsoup_instead/,https://www.reddit.com/user/Professional12x/,Why would you want to use BeautifulSoup instead of Selenium?,7,1,r/learnprogramming,https://www.reddit.com/r/learnprogramming/,"['selenium', 'beautifulsoup']"
https://www.reddit.com/r/learnpython/comments/uhw5p8/why_would_you_want_to_use_beautifulsoup_instead/,https://www.reddit.com/user/Professional12x/,Why would you want to use BeautifulSoup instead of Selenium?,45,84,r/learnpython,https://www.reddit.com/r/learnpython/,"['selenium', 'beautifulsoup']"
https://www.reddit.com/r/webscraping/comments/ududsq/selenium_scrape_data_form_dynamic_website/,https://www.reddit.com/user/Rapid1898/,Selenium / scrape data form dynamic website?,0,1,r/webscraping,https://www.reddit.com/r/webscraping/,"['selenium', 'beautifulsoup']"
https://www.reddit.com/r/slavelabour/comments/ubs8qn/offeri_will_help_scrape_websites_for_data_and/,https://www.reddit.com/user/Trobis/,[OFFER]I will help scrape websites for data and python scripting.,4,12,r/slavelabour,https://www.reddit.com/r/slavelabour/,"['selenium', 'beautifulsoup']"
https://www.reddit.com/r/learnpython/comments/uav4yl/trying_to_scrape_a_website/,https://www.reddit.com/user/Agisilaus23/,Trying to scrape a website,3,1,r/learnpython,https://www.reddit.com/r/learnpython/,"['selenium', 'beautifulsoup']"
https://www.reddit.com/r/learnprogramming/comments/u485ku/how_can_i_use_selenium_and_beautifulsoup_in/,https://www.reddit.com/user/topologicalfractal/,How can I use selenium and beautifulsoup in tandem to feed soup updated URLs?,0,1,r/learnprogramming,https://www.reddit.com/r/learnprogramming/,"['selenium', 'beautifulsoup']"
https://www.reddit.com/r/webscraping/comments/ty7y5y/scraping_kayak_website/,https://www.reddit.com/user/baguetteFeuille/,Scraping Kayak website,2,5,r/webscraping,https://www.reddit.com/r/webscraping/,"['selenium', 'beautifulsoup']"
https://www.reddit.com/r/webscraping/comments/txdlej/where_do_i_start_learning_webscraping/,https://www.reddit.com/user/Papifeen/,Where do I start learning webscraping?,8,8,r/webscraping,https://www.reddit.com/r/webscraping/,"['selenium', 'beautifulsoup']"
https://www.reddit.com/r/slavelabour/comments/ttrzfu/offeri_will_help_scrape_websites_for_data_and/,https://www.reddit.com/user/Trobis/,[OFFER]I will help scrape websites for data and python scripting.,4,1,r/slavelabour,https://www.reddit.com/r/slavelabour/,"['selenium', 'beautifulsoup']"
https://www.reddit.com/r/webscraping/comments/tkrepj/i_absolutely_love_web_scraping/,https://www.reddit.com/user/cva_thapa/,I absolutely love web scraping.,15,6,r/webscraping,https://www.reddit.com/r/webscraping/,"['selenium', 'beautifulsoup']"
https://www.reddit.com/r/Python/comments/tkoi7q/yet_another_simple_wordle_searcher/,https://www.reddit.com/user/deostroll/,Yet another simple wordle searcher,0,1,r/Python,https://www.reddit.com/r/Python/,"['selenium', 'beautifulsoup']"
https://www.reddit.com/r/slavelabour/comments/tjhyh9/offeri_will_help_scrape_websites_for_data_and/,https://www.reddit.com/user/Trobis/,[OFFER]I will help scrape websites for data and python scripting.,3,2,r/slavelabour,https://www.reddit.com/r/slavelabour/,"['selenium', 'beautifulsoup']"
https://www.reddit.com/r/slavelabour/comments/tep6s7/offeri_will_help_scrape_websites_for_data/,https://www.reddit.com/user/Trobis/,[OFFER]I will help scrape websites for data.,4,3,r/slavelabour,https://www.reddit.com/r/slavelabour/,"['selenium', 'beautifulsoup']"
https://www.reddit.com/r/learnpython/comments/td5w1x/trying_to_extract_code_visible_in_inspect_but_not/,https://www.reddit.com/user/princesskaguya666/,"Trying to extract code visible in ""inspect"" but not visible in page source",0,1,r/learnpython,https://www.reddit.com/r/learnpython/,"['selenium', 'beautifulsoup']"
https://www.reddit.com/r/learnpython/comments/tblcwc/beginner_trying_to_learning_python/,https://www.reddit.com/user/TRM2the80s/,Beginner trying to learning python,1,0,r/learnpython,https://www.reddit.com/r/learnpython/,"['selenium', 'beautifulsoup']"
https://www.reddit.com/r/learnpython/comments/tbcjxg/beginner_trying_to_learning_python/,https://www.reddit.com/user/TRM2the80s/,Beginner trying to learning python,0,1,r/learnpython,https://www.reddit.com/r/learnpython/,"['selenium', 'beautifulsoup']"
https://www.reddit.com/r/learnmachinelearning/comments/t96s0z/project_i_haveto_scrap_all_250_pages_but_my_code/,https://www.reddit.com/user/Nithin_Krishnan_/,"Project I haveto scrap all 250 pages , but my code does it for only one page , where do i apply the loop help me please",0,0,r/learnmachinelearning,https://www.reddit.com/r/learnmachinelearning/,"['selenium', 'beautifulsoup']"
https://www.reddit.com/r/webscraping/comments/t8kp05/my_webdriver_crashes_after_it_reaches_the_page/,https://www.reddit.com/user/mezo_1/,my webdriver crashes after it reaches the page the download link is available and crashes,0,0,r/webscraping,https://www.reddit.com/r/webscraping/,"['selenium', 'beautifulsoup']"
https://www.reddit.com/r/gis/comments/t855y7/using_python_to_scrape_data_and_input_it_into_a/,https://www.reddit.com/user/mrdsull/,Using python to scrape data and input it into a .csv file,7,2,r/gis,https://www.reddit.com/r/gis/,"['selenium', 'beautifulsoup']"
https://www.reddit.com/r/selenium/comments/t6fsom/can_scrapy_interact_with_website_like_selenium/,https://www.reddit.com/user/LaurieFalcon/,Can Scrapy interact with website like selenium ?,2,1,r/selenium,https://www.reddit.com/r/selenium/,"['selenium', 'beautifulsoup']"
https://www.reddit.com/r/learnpython/comments/t6fijf/can_scrapy_interact_with_website_like_selenium/,https://www.reddit.com/user/LaurieFalcon/,Can Scrapy interact with website like selenium ?,11,0,r/learnpython,https://www.reddit.com/r/learnpython/,"['selenium', 'beautifulsoup']"
https://www.reddit.com/r/webscraping/comments/t6fhz1/can_scrapy_interact_with_website_like_selenium/,https://www.reddit.com/user/LaurieFalcon/,Can Scrapy interact with website like selenium ?,2,0,r/webscraping,https://www.reddit.com/r/webscraping/,"['selenium', 'beautifulsoup']"
https://www.reddit.com/r/scrapy/comments/t6fb1x/can_scrapy_interact_with_website_like_selenium/,https://www.reddit.com/user/LaurieFalcon/,Can Scrapy interact with website like selenium ?,9,0,r/scrapy,https://www.reddit.com/r/scrapy/,"['selenium', 'beautifulsoup']"
https://www.reddit.com/r/learnpython/comments/szm9tg/beautifulsoup_or_selenium_job/,https://www.reddit.com/user/BrateWannabe/,BeautifulSoup or Selenium job?,10,1,r/learnpython,https://www.reddit.com/r/learnpython/,"['selenium', 'beautifulsoup']"
https://www.reddit.com/r/selenium/comments/syqjjh/udemy_course_reviews_not_fetching/,https://www.reddit.com/user/jaygala223/,udemy course reviews not fetching,2,1,r/selenium,https://www.reddit.com/r/selenium/,"['selenium', 'beautifulsoup']"
https://www.reddit.com/r/learnpython/comments/su3vvb/website_scrapper_wont_write_to_csv_file/,,Website Scrapper won't write to .csv file,3,1,r/learnpython,https://www.reddit.com/r/learnpython/,"['selenium', 'beautifulsoup']"
https://www.reddit.com/r/learnpython/comments/stthga/web_scraping_issue/,,Web Scraping Issue,2,2,r/learnpython,https://www.reddit.com/r/learnpython/,"['selenium', 'beautifulsoup']"
https://www.reddit.com/r/learnpython/comments/ss9105/data_scrapping_from_my_homepage_wont_work_but_i/,https://www.reddit.com/user/AlfalfaMindless5851/,Data scrapping from my homepage wont work. But I dont get an error,4,1,r/learnpython,https://www.reddit.com/r/learnpython/,"['selenium', 'beautifulsoup']"
https://www.reddit.com/r/slavelabour/comments/sqsjk8/offeri_will_help_scrape_websites_for_data_and/,https://www.reddit.com/user/Trobis/,[OFFER]I will help scrape websites for data and make discord bots.,4,1,r/slavelabour,https://www.reddit.com/r/slavelabour/,"['selenium', 'beautifulsoup']"
https://www.reddit.com/r/webscraping/comments/spi7t9/webscraping_tables/,https://www.reddit.com/user/CbazFinch/,Webscraping tables,7,2,r/webscraping,https://www.reddit.com/r/webscraping/,"['selenium', 'beautifulsoup']"
https://www.reddit.com/r/slavelabour/comments/sks6ic/offeri_will_help_scrape_websites_for_data_and/,https://www.reddit.com/user/Trobis/,[OFFER]I will help scrape websites for data and make discord bots.,3,1,r/slavelabour,https://www.reddit.com/r/slavelabour/,"['selenium', 'beautifulsoup']"
https://www.reddit.com/r/learnpython/comments/sit7rf/how_to_scrape_the_web_using_beautifulsoup_and/,https://www.reddit.com/user/Agentligament/,How to scrape the web using BeautifulSoup and xpath,0,1,r/learnpython,https://www.reddit.com/r/learnpython/,"['selenium', 'beautifulsoup']"
https://www.reddit.com/r/slavelabour/comments/selya9/offeri_will_help_scrape_websites_for_data_and/,https://www.reddit.com/user/Trobis/,[OFFER]I will help scrape websites for data and make discord bots.,7,2,r/slavelabour,https://www.reddit.com/r/slavelabour/,"['selenium', 'beautifulsoup']"
https://www.reddit.com/r/learnpython/comments/sb3xik/questionhelp_about_web_scraping_a_specific_element/,https://www.reddit.com/user/MikkelBossTheDane/,Question/help about web scraping a specific element,5,1,r/learnpython,https://www.reddit.com/r/learnpython/,"['selenium', 'beautifulsoup']"
https://www.reddit.com/r/slavelabour/comments/saxpdh/offeri_will_help_scrape_websites_for_data_and/,https://www.reddit.com/user/Trobis/,[OFFER]I will help scrape websites for data and make discord bots.,2,1,r/slavelabour,https://www.reddit.com/r/slavelabour/,"['selenium', 'beautifulsoup']"
https://www.reddit.com/r/learnpython/comments/saen71/beautifulsoup_scraping_issue/,https://www.reddit.com/user/BestPlayerEv/,Beautifulsoup scraping issue,19,1,r/learnpython,https://www.reddit.com/r/learnpython/,"['selenium', 'beautifulsoup']"
https://www.reddit.com/r/learnpython/comments/s6b37p/how_does_a_sessions_object_called_from_with/,https://www.reddit.com/user/Far_Atmosphere9627/,How does a Sessions object (called from 'with requests.Session() as s') work? Does it jump from page to page as requests are POSTed?,4,1,r/learnpython,https://www.reddit.com/r/learnpython/,"['selenium', 'beautifulsoup']"
https://www.reddit.com/r/slavelabour/comments/s5l12v/offeri_will_help_scrape_websites_for_data_and/,https://www.reddit.com/user/Trobis/,[OFFER]I will help scrape websites for data and make discord bots.,2,5,r/slavelabour,https://www.reddit.com/r/slavelabour/,"['selenium', 'beautifulsoup']"
https://www.reddit.com/r/learnpython/comments/s5c7uv/selenium_or_beautiful_soup_or_requests_or/,https://www.reddit.com/user/Far_Atmosphere9627/,Selenium or Beautiful Soup or Requests or something else,6,4,r/learnpython,https://www.reddit.com/r/learnpython/,"['selenium', 'beautifulsoup']"
https://www.reddit.com/r/webscraping/comments/s3tmdq/navigating_scraping_aspx_pages/,https://www.reddit.com/user/Modora/,Navigating / Scraping .aspx Pages,3,1,r/webscraping,https://www.reddit.com/r/webscraping/,"['selenium', 'beautifulsoup']"
https://www.reddit.com/r/webscraping/comments/s1zclu/webscraping_nflcom_fantasy_football_data/,https://www.reddit.com/user/Robi5/,Webscraping NFL.com fantasy football data,10,2,r/webscraping,https://www.reddit.com/r/webscraping/,"['selenium', 'beautifulsoup']"
https://www.reddit.com/r/learnpython/comments/rtprv6/beautifulsoup_not_parsing_whole_webpage/,https://www.reddit.com/user/_Nicrosin_/,BeautifulSoup not parsing whole webpage,6,2,r/learnpython,https://www.reddit.com/r/learnpython/,"['selenium', 'beautifulsoup']"
https://www.reddit.com/r/learnpython/comments/rsn71g/how_to_download_downloadashx_with_a_python_scraper/,https://www.reddit.com/user/Thomas187/,How to download Download.ashx with a Python scraper?,6,1,r/learnpython,https://www.reddit.com/r/learnpython/,"['selenium', 'beautifulsoup']"
https://www.reddit.com/r/dotnet/comments/rsmvsh/how_to_download_downloadashx_with_a_python_scraper/,https://www.reddit.com/user/Thomas187/,How to download Download.ashx with a Python scraper?,6,0,r/dotnet,https://www.reddit.com/r/dotnet/,"['selenium', 'beautifulsoup']"