post_url,author,post_title,comments,upvotes,post_flair,subreddit_name,subreddit_link,search_terms
https://www.reddit.com/r/webscraping/comments/16we8mq/ideas_on_gathering_team_urls_from_unique_webpages/,https://www.reddit.com/user/fenechio/,Ideas on Gathering Team URLs from Unique Webpages,4,1,,r/webscraping,https://www.reddit.com/r/webscraping/,"['selenium', 'beautifulsoup']"
https://www.reddit.com/r/webscraping/comments/16offqp/setting_seleniumbase_driver_options/,https://www.reddit.com/user/Content-Apple-833/,Setting SeleniumBase Driver options,5,1,,r/webscraping,https://www.reddit.com/r/webscraping/,"['selenium', 'beautifulsoup']"
https://www.reddit.com/r/webscraping/comments/1663qu9/struggling_the_chrome_extension_for_webscrapin/,https://www.reddit.com/user/whygamoralad/,Struggling the chrome extension for webscrapin,0,1,,r/webscraping,https://www.reddit.com/r/webscraping/,"['selenium', 'beautifulsoup']"
https://www.reddit.com/r/webscraping/comments/15mjn6g/get_the_whole_html_rendered_on_the_site_by/,https://www.reddit.com/user/harerp/,Get the whole html rendered on the site by client-side javascript,0,1,,r/webscraping,https://www.reddit.com/r/webscraping/,"['selenium', 'beautifulsoup']"
https://www.reddit.com/r/webscraping/comments/15jhqyq/selenium_vs_beautiful_soup/,https://www.reddit.com/user/yevo_/,Selenium vs beautiful soup,9,1,,r/webscraping,https://www.reddit.com/r/webscraping/,"['selenium', 'beautifulsoup']"
https://www.reddit.com/r/webscraping/comments/15h5by4/beautifulsoup_vs_selenium/,https://www.reddit.com/user/shabbyporpoise/,BeautifulSoup vs Selenium,26,4,,r/webscraping,https://www.reddit.com/r/webscraping/,"['selenium', 'beautifulsoup']"
https://www.reddit.com/r/webscraping/comments/15f3w34/question_while_scraping_a_table/,https://www.reddit.com/user/Quiet-Orange6476/,Question while scraping a table,6,3,,r/webscraping,https://www.reddit.com/r/webscraping/,"['selenium', 'beautifulsoup']"
https://www.reddit.com/r/webscraping/comments/1581te9/scraping_google_seems_trickier_than_most_sites/,https://www.reddit.com/user/SuckMyHiney/,"Scraping Google seems trickier than most sites. Can it be done, and is it worth considering using Fiverr?",13,3,,r/webscraping,https://www.reddit.com/r/webscraping/,"['selenium', 'beautifulsoup']"
https://www.reddit.com/r/webscraping/comments/150doiw/learning_web_scraping/,https://www.reddit.com/user/Fit-Salad-5977/,Learning Web scraping,17,10,,r/webscraping,https://www.reddit.com/r/webscraping/,"['selenium', 'beautifulsoup']"
https://www.reddit.com/r/webscraping/comments/14ztaja/avoid_bot_detection/,https://www.reddit.com/user/Teemo20102001/,Avoid bot detection,7,2,,r/webscraping,https://www.reddit.com/r/webscraping/,"['selenium', 'beautifulsoup']"
https://www.reddit.com/r/webscraping/comments/14ldo3c/scraping_fotocasa_with_selenium_and_playwright/,https://www.reddit.com/user/dooolittle/,Scraping Fotocasa with Selenium and Playwright - can you help to debug?,1,1,,r/webscraping,https://www.reddit.com/r/webscraping/,"['selenium', 'beautifulsoup']"
https://www.reddit.com/r/webscraping/comments/14jptlz/best_way_to_scrape_js_files/,https://www.reddit.com/user/themasterofbation/,Best way to scrape JS files?,3,1,,r/webscraping,https://www.reddit.com/r/webscraping/,"['selenium', 'beautifulsoup']"
https://www.reddit.com/r/webscraping/comments/14iq01w/i_am_trying_to_scrape_this_website_however_i_keep/,https://www.reddit.com/user/iiztrollin/,"I am trying to scrape this website, however I keep running into the same error were the script only pastes the parcelID into my google sheets columns.",2,2,,r/webscraping,https://www.reddit.com/r/webscraping/,"['selenium', 'beautifulsoup']"
https://www.reddit.com/r/webscraping/comments/13boqtw/webscraping_beginner_here_ready_to_start_leveling/,https://www.reddit.com/user/srs328/,"Webscraping beginner here ready to start leveling up to intermediate. Looking for some good webscraping repositories (e.g any of your GitHub repos/projects) that I can use as learning tools, and general recommendations for what to do next",5,1,,r/webscraping,https://www.reddit.com/r/webscraping/,"['selenium', 'beautifulsoup']"
https://www.reddit.com/r/webscraping/comments/134xd64/web_scraping_and_data_visualization_project_for/,https://www.reddit.com/user/Trilobyteme/,Web Scraping and Data Visualization Project for Arctic Environmental History,7,3,,r/webscraping,https://www.reddit.com/r/webscraping/,"['selenium', 'beautifulsoup']"
https://www.reddit.com/r/webscraping/comments/12z34rg/price_scraping_from_home_depot_help_help_help/,https://www.reddit.com/user/EmergencyTitle943/,Price scraping from Home Depot help help help,5,0,,r/webscraping,https://www.reddit.com/r/webscraping/,"['selenium', 'beautifulsoup']"
https://www.reddit.com/r/webscraping/comments/129dawn/confused_about_selenium_and_also_curl/,,Confused about Selenium and also CURL,3,0,,r/webscraping,https://www.reddit.com/r/webscraping/,"['selenium', 'beautifulsoup']"
https://www.reddit.com/r/webscraping/comments/11oltsv/beautifulsoup_scraping_only_first_few_lines_of/,https://www.reddit.com/user/adithyab14/,beautifulsoup scraping only first few lines of content,10,0,,r/webscraping,https://www.reddit.com/r/webscraping/,"['selenium', 'beautifulsoup']"
https://www.reddit.com/r/webscraping/comments/11h2b1z/noob_here_looking_for_some_tips_on_this_code_for/,https://www.reddit.com/user/Marvellover13/,"noob here, looking for some tips on this code for optimization if there's any need.",14,2,,r/webscraping,https://www.reddit.com/r/webscraping/,"['selenium', 'beautifulsoup']"
https://www.reddit.com/r/webscraping/comments/115iume/i_try_to_scrap_seeking_alpha_articles/,https://www.reddit.com/user/cheapnessltd/,I try to scrap Seeking alpha articles,0,1,,r/webscraping,https://www.reddit.com/r/webscraping/,"['selenium', 'beautifulsoup']"
https://www.reddit.com/r/webscraping/comments/110ha2v/website_behind_cloudflare_and_user_logon/,https://www.reddit.com/user/MedicalFish9200/,Website behind cloudflare and user logon,4,5,,r/webscraping,https://www.reddit.com/r/webscraping/,"['selenium', 'beautifulsoup']"
https://www.reddit.com/r/webscraping/comments/10el6kb/which_course_is_better_for_web_parsing/,https://www.reddit.com/user/NikitaQuinn/,Which course is better for web parsing?,5,4,,r/webscraping,https://www.reddit.com/r/webscraping/,"['selenium', 'beautifulsoup']"
https://www.reddit.com/r/webscraping/comments/zydznc/scraping_javascript_based_website/,https://www.reddit.com/user/Jason_hill100/,scraping JavaScript based website,5,1,,r/webscraping,https://www.reddit.com/r/webscraping/,"['selenium', 'beautifulsoup']"
https://www.reddit.com/r/webscraping/comments/z7vf58/i_tried_webscraping_this_website_with_selenium/,https://www.reddit.com/user/Left4Head/,I tried webscraping this website with Selenium and BeautifulSoup but I’ve had no luck. Can anyone tell me what I’m doing wrong?,10,4,,r/webscraping,https://www.reddit.com/r/webscraping/,"['selenium', 'beautifulsoup']"
https://www.reddit.com/r/webscraping/comments/yvhphu/pythonselenium_pass_driverget_from_the_command/,https://www.reddit.com/user/junguler/,python/selenium pass driver.get() from the command line?,0,1,,r/webscraping,https://www.reddit.com/r/webscraping/,"['selenium', 'beautifulsoup']"
https://www.reddit.com/r/webscraping/comments/ynna6e/which_librariesframeworks_could_be_used_for_page/,https://www.reddit.com/user/cepci1/,which libraries/frameworks could be used for page interaction?,4,2,,r/webscraping,https://www.reddit.com/r/webscraping/,"['selenium', 'beautifulsoup']"
https://www.reddit.com/r/webscraping/comments/y803kr/bs4error_on_specific_site/,https://www.reddit.com/user/Rapid1898/,BS4-error on specific site?,1,1,,r/webscraping,https://www.reddit.com/r/webscraping/,"['selenium', 'beautifulsoup']"
https://www.reddit.com/r/webscraping/comments/wd5zce/scraping_links_from_a_forum/,https://www.reddit.com/user/rab5374/,Scraping links from a forum,3,3,,r/webscraping,https://www.reddit.com/r/webscraping/,"['selenium', 'beautifulsoup']"
https://www.reddit.com/r/webscraping/comments/vulurh/hello_currently_building_nike_store_webscrapper/,https://www.reddit.com/user/Zero404NF/,Hello currently building nike store webscrapper (but only limited index)?,0,4,,r/webscraping,https://www.reddit.com/r/webscraping/,"['selenium', 'beautifulsoup']"
https://www.reddit.com/r/webscraping/comments/vr1hpj/octoparse_scraping/,https://www.reddit.com/user/rd_md005/,Octoparse scraping,2,1,,r/webscraping,https://www.reddit.com/r/webscraping/,"['selenium', 'beautifulsoup']"
https://www.reddit.com/r/webscraping/comments/vm9vby/help_with_headers/,https://www.reddit.com/user/boiifyoudont1234/,Help with headers,4,1,,r/webscraping,https://www.reddit.com/r/webscraping/,"['selenium', 'beautifulsoup']"
https://www.reddit.com/r/webscraping/comments/ududsq/selenium_scrape_data_form_dynamic_website/,https://www.reddit.com/user/Rapid1898/,Selenium / scrape data form dynamic website?,0,1,,r/webscraping,https://www.reddit.com/r/webscraping/,"['selenium', 'beautifulsoup']"
https://www.reddit.com/r/webscraping/comments/ty7y5y/scraping_kayak_website/,https://www.reddit.com/user/baguetteFeuille/,Scraping Kayak website,2,5,,r/webscraping,https://www.reddit.com/r/webscraping/,"['selenium', 'beautifulsoup']"
https://www.reddit.com/r/webscraping/comments/txdlej/where_do_i_start_learning_webscraping/,https://www.reddit.com/user/Papifeen/,Where do I start learning webscraping?,8,8,,r/webscraping,https://www.reddit.com/r/webscraping/,"['selenium', 'beautifulsoup']"
https://www.reddit.com/r/webscraping/comments/tkrepj/i_absolutely_love_web_scraping/,https://www.reddit.com/user/cva_thapa/,I absolutely love web scraping.,15,6,,r/webscraping,https://www.reddit.com/r/webscraping/,"['selenium', 'beautifulsoup']"
https://www.reddit.com/r/webscraping/comments/t8kp05/my_webdriver_crashes_after_it_reaches_the_page/,https://www.reddit.com/user/mezo_1/,my webdriver crashes after it reaches the page the download link is available and crashes,0,0,,r/webscraping,https://www.reddit.com/r/webscraping/,"['selenium', 'beautifulsoup']"
https://www.reddit.com/r/webscraping/comments/t6fhz1/can_scrapy_interact_with_website_like_selenium/,https://www.reddit.com/user/LaurieFalcon/,Can Scrapy interact with website like selenium ?,2,0,,r/webscraping,https://www.reddit.com/r/webscraping/,"['selenium', 'beautifulsoup']"
https://www.reddit.com/r/webscraping/comments/spi7t9/webscraping_tables/,https://www.reddit.com/user/CbazFinch/,Webscraping tables,7,2,,r/webscraping,https://www.reddit.com/r/webscraping/,"['selenium', 'beautifulsoup']"
https://www.reddit.com/r/webscraping/comments/s3tmdq/navigating_scraping_aspx_pages/,https://www.reddit.com/user/Modora/,Navigating / Scraping .aspx Pages,3,1,,r/webscraping,https://www.reddit.com/r/webscraping/,"['selenium', 'beautifulsoup']"
https://www.reddit.com/r/webscraping/comments/s1zclu/webscraping_nflcom_fantasy_football_data/,https://www.reddit.com/user/Robi5/,Webscraping NFL.com fantasy football data,10,2,,r/webscraping,https://www.reddit.com/r/webscraping/,"['selenium', 'beautifulsoup']"
https://www.reddit.com/r/webscraping/comments/rocfgi/beautifulsoup_isnt_returning_all_tags_using_find/,https://www.reddit.com/user/Equivalent-Ad-798/,Beautifulsoup isn't returning all tags using find_all(),6,5,,r/webscraping,https://www.reddit.com/r/webscraping/,"['selenium', 'beautifulsoup']"
https://www.reddit.com/r/webscraping/comments/rlskns/web_scraping_beautifulsoup_chrome_extension/,https://www.reddit.com/user/KerasTensorFlow/,Web Scraping BeautifulSoup Chrome Extension,5,3,,r/webscraping,https://www.reddit.com/r/webscraping/,"['selenium', 'beautifulsoup']"
https://www.reddit.com/r/webscraping/comments/rfooge/anyone_need_free_help_with_a_webscraping_project/,https://www.reddit.com/user/bushcat69/,Anyone need free help with a web-scraping project?,56,25,,r/webscraping,https://www.reddit.com/r/webscraping/,"['selenium', 'beautifulsoup']"
https://www.reddit.com/r/webscraping/comments/rcwuo5/help_scraping_data_from_highcharts_chart_no/,https://www.reddit.com/user/DandruffMuffin/,Help scraping data from Highcharts chart - no script tag present,3,3,,r/webscraping,https://www.reddit.com/r/webscraping/,"['selenium', 'beautifulsoup']"
https://www.reddit.com/r/webscraping/comments/qxgby1/market_analysis_webscraping/,https://www.reddit.com/user/FabadaLosDomingos/,Market analysis webscraping,13,4,,r/webscraping,https://www.reddit.com/r/webscraping/,"['selenium', 'beautifulsoup']"
https://www.reddit.com/r/webscraping/comments/qqa81y/i_found_a_way_to_scrape_any_facebook_groups_posts/,https://www.reddit.com/user/moniquesexperiments/,I found a way to scrape any Facebook group's posts with Selenium & BeautifulSoup!,20,30,,r/webscraping,https://www.reddit.com/r/webscraping/,"['selenium', 'beautifulsoup']"
https://www.reddit.com/r/webscraping/comments/p84bxn/what_web_scraping_library_python_or_javascript/,https://www.reddit.com/user/kaphi/,What web scraping library (Python or Javascript) should I use?,3,1,,r/webscraping,https://www.reddit.com/r/webscraping/,"['selenium', 'beautifulsoup']"
https://www.reddit.com/r/webscraping/comments/p1cyyi/delays_with_articles_appearing_on_the_page_to_be/,https://www.reddit.com/user/johnsonm54/,Delays with articles appearing on the page to be scraped.,1,0,,r/webscraping,https://www.reddit.com/r/webscraping/,"['selenium', 'beautifulsoup']"
https://www.reddit.com/r/webscraping/comments/o5f3oh/futile_scraping_attempts/,https://www.reddit.com/user/Rx29g/,futile scraping attempts,8,6,,r/webscraping,https://www.reddit.com/r/webscraping/,"['selenium', 'beautifulsoup']"
https://www.reddit.com/r/webscraping/comments/lxe5gu/which_python_library_is_best_for_web/,https://www.reddit.com/user/Coder_Senpai/,"Which Python Library is best for Web Scraping?(Selenium, Scrapy, BeautifulSoup etc )",3,3,,r/webscraping,https://www.reddit.com/r/webscraping/,"['selenium', 'beautifulsoup']"
https://www.reddit.com/r/webscraping/comments/klsy1i/need_tips_to_start_web_scraping_freelancing/,,Need tips to start web scraping freelancing,0,5,,r/webscraping,https://www.reddit.com/r/webscraping/,"['selenium', 'beautifulsoup']"
https://www.reddit.com/r/webscraping/comments/kgn70i/contracting_malware_from_free_proxies/,https://www.reddit.com/user/inductiverussian/,Contracting Malware from Free Proxies,8,2,,r/webscraping,https://www.reddit.com/r/webscraping/,"['selenium', 'beautifulsoup']"
https://www.reddit.com/r/webscraping/comments/jpygxt/scraping_fingerprint_website/,https://www.reddit.com/user/codepoetn/,Scraping Fingerprint Website,15,2,,r/webscraping,https://www.reddit.com/r/webscraping/,"['selenium', 'beautifulsoup']"
https://www.reddit.com/r/webscraping/comments/j9cb3x/do_you_need_to_use_reddits_api_to_scrape_reddit/,,Do you need to use reddit's api to scrape reddit?,7,1,,r/webscraping,https://www.reddit.com/r/webscraping/,"['selenium', 'beautifulsoup']"
https://www.reddit.com/r/webscraping/comments/ik7ruy/amazon_web_scraping/,https://www.reddit.com/user/Aloo_Andey/,Amazon web scraping,6,0,,r/webscraping,https://www.reddit.com/r/webscraping/,"['selenium', 'beautifulsoup']"
https://www.reddit.com/r/webscraping/comments/i8g69f/problems_logging_in_to_site_with_selenium/,https://www.reddit.com/user/Iamgonge/,Problems logging in to site with selenium,2,0,,r/webscraping,https://www.reddit.com/r/webscraping/,"['selenium', 'beautifulsoup']"
https://www.reddit.com/r/webscraping/comments/i0tsf8/i_need_order_to_gain_experience_id_like_to/,https://www.reddit.com/user/Trobis/,I need order to gain experience I'd like to attempt do web scraping task in exchange for knowledge.,7,2,,r/webscraping,https://www.reddit.com/r/webscraping/,"['selenium', 'beautifulsoup']"
https://www.reddit.com/r/webscraping/comments/hfh74q/will_beautiful_soup_work_after_i_used_selenium/,https://www.reddit.com/user/Viratian_Ambush/,Will Beautiful Soup work after I used selenium?,1,1,,r/webscraping,https://www.reddit.com/r/webscraping/,"['selenium', 'beautifulsoup']"
https://www.reddit.com/r/webscraping/comments/gn96td/dynamic_website_with_requests_or_requestshtml/,https://www.reddit.com/user/MarcosRecio/,Dynamic website with requests or requests-html python,2,3,,r/webscraping,https://www.reddit.com/r/webscraping/,"['selenium', 'beautifulsoup']"
https://www.reddit.com/r/webscraping/comments/g9bccc/alternative_to_selenium/,https://www.reddit.com/user/theSalamanderXL/,Alternative to Selenium,7,6,,r/webscraping,https://www.reddit.com/r/webscraping/,"['selenium', 'beautifulsoup']"
https://www.reddit.com/r/webscraping/comments/f8tadv/what_else_should_i_learn_about_web_scraping_whats/,,What else should I learn about web scraping? What's the web scrapers path to become advanced?,2,8,,r/webscraping,https://www.reddit.com/r/webscraping/,"['selenium', 'beautifulsoup']"
https://www.reddit.com/r/webscraping/comments/dmxx2g/how_to_scrape_a_site_that_posts_form_data_with_no/,https://www.reddit.com/user/theoriginal123123/,How to scrape a site that POSTs form data with no parameters in URL?,4,2,,r/webscraping,https://www.reddit.com/r/webscraping/,"['selenium', 'beautifulsoup']"